data_pregao,preco_ultimo
2020-01,0.007823129251700589
2020-02,-0.25008437394532557
2020-03,-0.6050855085508551
2020-04,-0.008547008547008739
2020-05,-0.17931034482758634
2020-06,0.4082633053221294
2020-07,0.009945300845350724
2020-08,0.09354997538158538
2020-09,0.09770373705538038
2020-10,-0.07506152584085246
2020-11,0.6860310421286024
2020-12,0.033666491320357705
2021-01,0.026463104325700204
2021-02,0.006445215666831761
2021-03,-0.06773399014778347
2021-04,0.01717305151915438
2021-05,0.11688311688311637
2021-06,0.020697674418604484
2021-07,-0.11369332421963996
2021-08,-0.03007712082262215
